box,Identifier 0,Identifier 1,d 15N/14N,Area All,d 13C/12C,Area All,Area All,d 34S/32S,corr d 34S/32S,box_ID,taxa,time,treatment
3,B1,65,9.393,2.881,-20.042,8.133,0.667,11.808,14.982,1,Gammarus salinus,B,field
3,A12,64,10.123,2.536,-20.658,7.965,0.562,12.157,15.412,2,Gammarus salinus,B,field
3,A6,58,10.12,2.012,-20.943,5.971,0.469,10.953,13.930,3,Gammarus salinus,B,field
2,B9,43,9.765,1.865,-21.991,5.473,0.413,11.347,14.415,4,Gammarus salinus,B,field
3,B8,72,9.43,4.839,-19.84,13.545,1.078,13.203,16.699,5,Gammarus salinus,B,field
3,A10,62,8.938,2.179,-21.04,6.789,0.505,11.972,15.184,6,Gammarus salinus,B,field
2,B12,46,10.039,3.117,-17.548,8.261,0.808,10.735,13.662,8,Gammarus locusta,B,field
2,C2,48,9.14,3.999,-18.184,11.659,1.174,12.005,15.225,9,Gammarus locusta,B,field
2,C4,50,9.306,4.755,-18.657,12.717,1.632,12.488,15.819,10,Gammarus locusta,B,field
3,B2,66,9.118,3.704,-19.379,10.71,0.952,12.267,15.547,11,Gammarus locusta,B,field
3,A5,57,7.615,1.063,-16.698,3.627,45.332,6.267,8.164,12,Gammarus locusta,B,field
2,C3,49,9.007,4.425,-17.229,12.937,1.147,11.996,15.214,13,Gammarus locusta,B,field
3,A9,61,7.784,2.081,-16.939,6.733,0.463,10.955,13.933,14,Gammarus locusta,B,field
3,B9,73,8.424,2.393,-17.27,7.183,0.687,13.089,16.559,15,Gammarus locusta,B,field
3,A8,60,6.463,3.647,-16.709,12.682,1.316,16.334,20.552,16,Littorina littorea,B,field
3,C3,79,6.548,3.589,-15.994,14.043,0.969,15.291,19.269,17,Littorina littorea,B,field
3,B3,67,8.337,3.552,-15.945,9.487,1.291,15.946,20.075,18,Littorina littorea,B,field
3,A7,59,7.885,7.158,-16.366,18.766,2.932,16.89,21.236,19,Littorina littorea,B,field
3,A11,63,8.118,3.823,-15.78,9.885,1.312,15.709,19.783,20,Littorina littorea,B,field
3,B4,68,8.341,4.117,-17.726,12.153,1.139,14.798,18.662,21,Littorina littorea,B,field
3,A4,56,9.222,5.12,-16.071,11.14,1.161,15.424,19.432,22,Littorina littorea,B,field
3,C5,81,10.879,4.24,-21.854,12.907,1.019,13.194,16.688,32,Zostera marina,B,field
5,A4,136,7.984,1.761,-11.008,18.341,0.653,9.265,11.081,33,Zostera marina,B,field
5,A5,137,7.334,1.619,-12.651,17.47,0.345,3.919,4.948,34,Zostera marina,B,field
5,A6,138,7.509,1.642,-11.174,17.803,0.367,6.252,7.624,35,Zostera marina,B,field
5,A7,139,8.453,1.701,-11.351,19.773,0.352,1.428,2.090,36,Zostera marina,B,field
3,C6,82,7.581,3.358,-21.624,10.167,1.041,12.947,15.089,37,Cerastoderma edule,B,field
3,C2,78,8.265,3.265,-21.553,9.498,1.258,14.352,18.113,38,Cerastoderma edule,B,field
3,B12,76,8.28,4.37,-21.785,13.606,1.335,13.823,17.462,39,Cerastoderma edule,B,field
3,C1,77,7.84,4.266,-21.547,11.405,1.114,13.464,17.020,40,Cerastoderma edule,B,field
3,B10,74,8.871,6.306,-20.134,15.867,1.638,12.674,16.048,41,Cerastoderma edule,B,field
5,C8,164,8.652,4.452,-21.491,12.828,3.296,16.109,17.977,42,Cerastoderma edule,B,field
5,C9,165,8.251,1.786,-21.439,4.784,0.94,13.45,14.927,43,Cerastoderma edule,B,field
2,C6,52,9.665,7.803,-19.078,22.355,2.773,16.563,20.834,50,Idotea balthica,B,field
3,B6,70,10.629,7.344,-19.357,20.503,2.336,15.797,19.891,51,Idotea balthica,B,field
2,B10,44,9.431,4.213,-16.81,13.639,1.232,15.228,19.191,52,Idotea balthica,B,field
5,C10,166,8.881,5.239,-17.354,16.558,2.37,15.244,16.985,54,Idotea balthica,B,field
5,C11,167,8.53,8.951,-20.848,20.511,3.139,12.708,14.075,55,Idotea balthica,B,field
2,C5,51,7.647,9.417,-21.149,21.633,2.135,11.31,14.369,56,Mytilus edulis,B,field
2,A12,34,7.581,3.839,-20.682,8.811,0.755,11.01,14.000,57,Mytilus edulis,B,field
2,A11,33,8.463,4.482,-14.81,14.555,1.171,10.389,13.236,58,Mytilus edulis,B,field
3,A3,55,7.629,7.658,-21.601,18.026,1.772,10.986,13.971,59,Mytilus edulis,B,field
5,C12,168,8.592,4.246,-17.863,12.637,1.515,14.785,16.458,60,Mytilus edulis,B,field
5,D1,169,8.331,3.08,-14.788,10.72,1.123,15.103,16.823,61,Littorina littorea,E,control
5,D2,170,7.979,3.257,-18.833,11.275,1.283,15.282,17.029,62,Littorina littorea,E,control
5,D3,171,8.196,2.494,-18.826,8.952,0.841,14.165,15.747,63,Littorina littorea,E,control
3,B11,75,7.815,4.735,-17.009,22.287,1.608,15.632,19.688,64,Littorina littorea,E,control
4,A4,86,9.716,2.428,-16.595,8.283,0.685,13.556,15.778,65,Littorina littorea,E,3HW
4,A12,94,8.852,4.936,-17.975,16.916,1.561,15.512,17.989,66,Littorina littorea,E,3HW
4,B9,103,8.785,2.401,-18.112,8.881,0.643,14.442,16.780,67,Littorina littorea,E,3HW
5,C7,163,7.976,2.652,-18.579,10.749,1.039,14.319,15.924,68,Littorina littorea,E,1HW
5,D4,172,8.04,0.961,-18.906,3.932,0.355,11.662,12.875,69,Littorina littorea,E,1HW
2,A5,27,8.664,5.874,-15.594,17.158,1.98,15.562,19.602,72,Idotea balthica,E,control
2,B2,36,8.942,5.957,-13.158,16.514,1.807,16.554,20.823,73,Idotea balthica,E,control
2,B1,35,8.237,4.039,-14.959,11.065,1.146,14.766,18.622,74,Idotea balthica,E,control
2,B8,42,9.747,4.681,-14.513,13.381,1.545,15.048,18.969,75,Idotea balthica,E,control
3,B7,71,8.286,3.249,-13.128,9.97,1.139,14.712,18.556,76,Idotea balthica,E,3HW
1,H1,21,7.722,6.777,-15.301,21.635,2.299,15.27,19.243,77,Idotea balthica,E,3HW
1,G1,19,9.635,6.112,-13.738,16.454,2.092,14.839,18.712,78,Idotea balthica,E,3HW
2,B7,41,8.69,4.365,-13.684,13.309,1.342,15.809,19.906,79,Idotea balthica,E,3HW
1,B2,5,8.713,3.447,-12.777,11.258,1.235,14.668,18.502,80,Idotea balthica,E,1HW
2,B11,45,8.765,4.36,-16.356,14.331,1.29,14.34,18.098,81,Idotea balthica,E,1HW
2,A4,26,8.763,5.122,-14.606,13.487,1.839,14.512,18.310,82,Idotea balthica,E,1HW
1,A2,2,9.577,5.522,-14.632,14.965,1.811,14.96,18.861,83,Idotea balthica,E,1HW
1,G2,20,8.824,8.289,-16.287,21.585,2.708,15.566,19.607,84,Gammarus locusta,E,control
1,E2,14,8.943,3.158,-16.636,8.18,0.894,13.183,16.674,85,Gammarus locusta,E,control
1,F2,17,8.722,5.631,-18.339,16.254,1.57,13.944,17.611,86,Gammarus locusta,E,control
3,B5,69,8.205,2.261,-17.041,6.483,0.937,15.396,19.398,87,Gammarus locusta,E,control
2,A3,25,8.195,6.479,-17.229,17.967,1.702,14.441,18.222,88,Gammarus locusta,E,3HW
1,D1,10,9.391,6.445,-17.002,16.498,2.274,15.124,19.063,89,Gammarus locusta,E,3HW
1,E1,13,7.807,4.248,-16.987,12.497,1.282,14.724,18.571,90,Gammarus locusta,E,3HW
2,A6,28,8.934,5.363,-16.637,14.275,1.581,15.094,19.026,91,Gammarus locusta,E,3HW
2,B3,37,8.465,2.876,-17.282,7.905,0.938,13.933,17.597,92,Gammarus locusta,E,1HW
1,B1,4,8.761,3.27,-16.648,8.066,0.988,13.028,16.484,93,Gammarus locusta,E,1HW
2,A9,31,8.686,3.662,-17.919,10.525,1.241,14.735,18.584,94,Gammarus locusta,E,1HW
4,A5,87,8.483,2.391,-15.755,6.413,0.592,13.772,16.022,95,Gammarus locusta,E,1HW
4,A1,83,8.293,2.115,-17.877,6.293,0.426,11.302,13.229,96,Gammarus salinus,E,control
4,B4,98,7.913,2.076,-18.562,6.475,0.48,13.077,15.236,97,Gammarus salinus,E,control
4,C8,114,8.529,2.065,-18.833,6.372,0.466,14.08,16.370,98,Gammarus salinus,E,3HW
4,A3,85,9.236,2.557,-17.106,6.613,0.849,13.038,15.192,99,Gammarus salinus,E,3HW
5,D5,173,8.821,1.742,-17.689,4.573,0.679,14.647,16.300,100,Gammarus salinus,E,3HW
4,B10,104,8.118,2.575,-18.943,8.16,0.632,13.503,15.718,101,Gammarus salinus,E,1HW
4,C3,109,9.059,2.729,-18.483,8.779,0.641,13.981,16.258,102,Gammarus salinus,E,1HW
4,B1,95,8.652,2.872,-18.361,7.348,0.519,13.565,15.788,103,Gammarus salinus,E,1HW
5,D6,174,9.061,1.535,-23.425,5.41,0.557,14.378,15.991,104,Gammarus salinus,E,1HW
6,A1,185,6.318,3,-11.268,55.779,1.196,9.123,10.621,105,Zostera marina,E,control
6,A2,186,7.491,3.392,-11.086,59.762,1.335,4.455,5.265,106,Zostera marina,E,control
6,A3,187,6.001,3.157,-11.47,62.1,1.303,5.341,6.282,107,Zostera marina,E,control
6,A4,188,6.322,2.735,-10.379,58.145,1.147,9.496,11.049,110,Zostera marina,E,3HW
6,A5,189,6.16,2.913,-11.922,54.685,1.338,8.154,9.509,111,Zostera marina,E,3HW
6,A6,190,5.924,2.478,-11.402,49.57,1.141,6.687,7.826,112,Zostera marina,E,3HW
6,A7,191,7.149,2.654,-10.595,48.882,1.544,10.24,11.902,113,Zostera marina,E,1HW
6,A8,192,6.963,3.585,-9.753,60.596,2.151,10.79,12.533,114,Zostera marina,E,1HW
6,A9,193,6.894,2.213,-12.21,44.536,0.792,8.198,9.560,115,Zostera marina,E,1HW
6,A10,194,7.698,2.663,-11.901,60.218,1.483,10.572,12.283,116,Zostera marina,E,1HW
6,B8,204,6.419,1.546,-24.666,12.386,3.619,18.999,21.952,117,Epiphytes,E,control
6,B7,203,7.038,3.365,-26.266,14.456,4.327,19.144,22.118,118,Epiphytes,E,control
6,B9,205,6.804,2.475,-24.595,13.393,4.911,19.591,22.631,121,Epiphytes,E,3HW
6,B10,206,8.764,4.565,-20.325,22.76,5.281,18.362,21.221,122,Epiphytes,E,3HW
5,D12,180,7.814,2.839,-20.808,22.231,7.536,17.99,20.794,123,Epiphytes,E,3HW
5,E1,181,6.797,3.285,-22.505,26.148,6.57,20.14,23.261,124,Epiphytes,E,1HW
1,C3,9,5.918,2.888,-25.355,16.009,6.861,19.147,24.014,126,Epiphytes,E,1HW
1,C1,7,7.342,0.894,-13.716,20.635,6.93,18.578,23.313,128,Fucus vesiculosus,E,control
6,A12,196,6.413,0.762,-12.872,6.027,3.876,18.9,21.838,129,Fucus vesiculosus,E,control
1,H2,22,7.646,0.584,-14.457,15.098,4.877,19.055,23.900,130,Fucus vesiculosus,E,control
1,D2,11,7.109,0.476,-15.67,12.835,3.881,18.387,23.078,131,Fucus vesiculosus,E,control
4,E10,127,5.117,0.749,-16.518,14.255,5.285,19.564,22.570,132,Fucus vesiculosus,E,3HW
6,B4,200,9.454,0.846,-17.247,13.036,6.801,19.782,22.850,133,Fucus vesiculosus,E,3HW
6,B6,202,5.989,0.722,-12.525,18.498,3.462,19.081,23.932,135,Fucus vesiculosus,E,3HW
6,B1,197,7.856,0.795,-14.189,14.636,8.402,20.206,23.336,136,Fucus vesiculosus,E,1HW
6,B2,198,6.449,0.504,-12.912,13.998,6.715,20.227,23.360,137,Fucus vesiculosus,E,1HW
1,A1,1,7.937,1.109,-18.034,17.98,4.876,17.866,22.437,138,Fucus vesiculosus,E,1HW
