"species","taxa","tank","treat","B"
"Gammarus sp.","A_o","A1","0HW",505.858504029043
"Gammarus sp.","A_o","A2","0HW",710.331556491729
"Gammarus sp.","A_o","B2","3HW",300.937655308329
"Gammarus sp.","A_o","C1","1HW",502.62489469927
"Gammarus sp.","A_o","C2","1HW",496.623002899778
"Gammarus sp.","A_o","D1","0HW",397.689767217057
"Gammarus sp.","A_o","D2","0HW",327.828438090583
"Gammarus sp.","A_o","E1","3HW",561.11330156063
"Gammarus sp.","A_o","E2","3HW",481.472307386044
"Gammarus sp.","A_o","F1","1HW",546.756710797975
"Gammarus sp.","A_o","F2","1HW",454.852580056079
"Idotea balthica","I_o","A1","0HW",78.3340766503466
"Idotea balthica","I_o","A2","0HW",101.347005983237
"Idotea balthica","I_o","B2","3HW",90.1239345656206
"Idotea balthica","I_o","C1","1HW",14.9525229430879
"Idotea balthica","I_o","C2","1HW",64.2860978354723
"Idotea balthica","I_o","D1","0HW",12.9766525787965
"Idotea balthica","I_o","D2","0HW",76.4045635907521
"Idotea balthica","I_o","E1","3HW",41.336632903156
"Idotea balthica","I_o","E2","3HW",37.3165943890798
"Idotea balthica","I_o","F1","1HW",23.1049398664065
"Idotea balthica","I_o","F2","1HW",31.432683246621
"Littorina littorea","G_h","A1","0HW",488.329841670559
"Littorina littorea","G_h","A2","0HW",748.38960834729
"Littorina littorea","G_h","B2","3HW",491.387936566665
"Littorina littorea","G_h","C1","1HW",155.141301849055
"Littorina littorea","G_h","C2","1HW",259.870534742097
"Littorina littorea","G_h","D1","0HW",182.219880759779
"Littorina littorea","G_h","D2","0HW",406.028264338143
"Littorina littorea","G_h","E1","3HW",867.695222585032
"Littorina littorea","G_h","E2","3HW",980.505235766667
"Littorina littorea","G_h","F1","1HW",426.118802632813
"Littorina littorea","G_h","F2","1HW",331.635760747239
"Zostera marina","ZM","A1","0HW",14139.55898
"Zostera marina","ZM","A2","0HW",10257.11983
"Zostera marina","ZM","B1","3HW",5149.343763
"Zostera marina","ZM","B2","3HW",11128.03782
"Zostera marina","ZM","C1","1HW",7490.084738
"Zostera marina","ZM","C2","1HW",10258.44193
"Zostera marina","ZM","D1","0HW",7276.055433
"Zostera marina","ZM","D2","0HW",13264.06804
"Zostera marina","ZM","E1","3HW",4216.574438
"Zostera marina","ZM","E2","3HW",9335.803285
"Zostera marina","ZM","F1","1HW",15793.09315
"Zostera marina","ZM","F2","1HW",12047.49894
"Fucus vesiculosus","FV","A1","0HW",25615.32475
"Fucus vesiculosus","FV","A2","0HW",11732.1235
"Fucus vesiculosus","FV","B1","3HW",9725.53716
"Fucus vesiculosus","FV","B2","3HW",22425.83628
"Fucus vesiculosus","FV","C1","1HW",23028.14496
"Fucus vesiculosus","FV","C2","1HW",21153.99941
"Fucus vesiculosus","FV","D1","0HW",24706.56229
"Fucus vesiculosus","FV","D2","0HW",19970.35521
"Fucus vesiculosus","FV","E1","3HW",16274.23748
"Fucus vesiculosus","FV","E2","3HW",19511.76269
"Fucus vesiculosus","FV","F1","1HW",22992.82616
"Fucus vesiculosus","FV","F2","1HW",24365.98073
"filamentous algae","FA","A1","0HW",6246.92283708353
"filamentous algae","FA","A2","0HW",87.82966884
"filamentous algae","FA","B1","3HW",4.36582550377994
"filamentous algae","FA","B2","3HW",1e-06
"filamentous algae","FA","C1","1HW",1172.94246320175
"filamentous algae","FA","C2","1HW",1262.87271
"filamentous algae","FA","D1","0HW",4838.160043
"filamentous algae","FA","D2","0HW",409.361539305414
"filamentous algae","FA","E1","3HW",607.427096017444
"filamentous algae","FA","E2","3HW",140.9075633
"filamentous algae","FA","F1","1HW",2801.60005758548
"filamentous algae","FA","F2","1HW",89.64023409
"particulate organic carbon","POC","A1","0HW",314.7866004
"particulate organic carbon","POC","A2","0HW",325.3189208
"particulate organic carbon","POC","B2","3HW",327.4403946
"particulate organic carbon","POC","C1","1HW",288.7781929
"particulate organic carbon","POC","C2","1HW",258.1503725
"particulate organic carbon","POC","D1","0HW",397.3110941
"particulate organic carbon","POC","D2","0HW",347.1341402
"particulate organic carbon","POC","E1","3HW",412.0423673
"particulate organic carbon","POC","E2","3HW",320.0512592
"particulate organic carbon","POC","F1","1HW",383.823736
"particulate organic carbon","POC","F2","1HW",293.0099183
"Corophium volutator","A_d","A1","0HW",2.7244164332399
"Corophium volutator","A_d","A2","0HW",0.628711484593768
"Corophium volutator","A_d","B2","3HW",4.61055088702143
"Corophium volutator","A_d","C1","1HW",6.91582633053215
"Corophium volutator","A_d","C2","1HW",2.51484593837531
"Corophium volutator","A_d","D1","0HW",9.64024276377204
"Corophium volutator","A_d","D2","0HW",2.7244164332399
"Corophium volutator","A_d","E1","3HW",44.6385154061627
"Corophium volutator","A_d","E2","3HW",2.30527544351072
"Corophium volutator","A_d","F1","1HW",0.838281979458358
"Corophium volutator","A_d","F2","1HW",3.98183940242766
"Hydrobia ulvae","G_d","A1","0HW",116.827896991832
"Hydrobia ulvae","G_d","A2","0HW",66.8578423602245
"Hydrobia ulvae","G_d","B2","3HW",64.8447254533335
"Hydrobia ulvae","G_d","C1","1HW",122.62480068643
"Hydrobia ulvae","G_d","C2","1HW",61.075353341276
"Hydrobia ulvae","G_d","D1","0HW",60.7553698422454
"Hydrobia ulvae","G_d","D2","0HW",116.777197073595
"Hydrobia ulvae","G_d","E1","3HW",125.011126111147
"Hydrobia ulvae","G_d","E2","3HW",37.1374569933829
"Hydrobia ulvae","G_d","F1","1HW",76.6192609630602
"Hydrobia ulvae","G_d","F2","1HW",136.516980905378
"Jaera albifrons","I_d","A1","0HW",1.93661808174807
"Jaera albifrons","I_d","A2","0HW",0.780752721731312
"Jaera albifrons","I_d","B2","3HW",10.1170324977938
"Jaera albifrons","I_d","C1","1HW",1.25350098865846
"Jaera albifrons","I_d","C2","1HW",6.38805718928818
"Jaera albifrons","I_d","D1","0HW",5.64695476722634
"Jaera albifrons","I_d","D2","0HW",8.23931102101428
"Jaera albifrons","I_d","E1","3HW",6.10628159747694
"Jaera albifrons","I_d","E2","3HW",2.13955328492901
"Jaera albifrons","I_d","F1","1HW",4.23444443817428
"Jaera albifrons","I_d","F2","1HW",8.34628980192967
"Macoma balthica","B_f","A1","0HW",2.51164920634923
"Macoma balthica","B_f","A2","0HW",10.3205949206349
"Macoma balthica","B_f","B2","3HW",0.475253333333325
"Macoma balthica","B_f","C1","1HW",11.39
"Macoma balthica","B_f","C2","1HW",7.68373015873017
"Macoma balthica","B_f","D1","0HW",13.6999047619047
"Macoma balthica","B_f","D2","0HW",3.01397904761907
"Macoma balthica","B_f","E1","3HW",0.87129777777777
"Macoma balthica","B_f","E2","3HW",2.49507999999999
"Macoma balthica","B_f","F1","1HW",4.47464285714287
"Macoma balthica","B_f","F2","1HW",2.12432539682541
"Marenzelleria viridis","P_d","A1","0HW",687.387959241668
"Marenzelleria viridis","P_d","A2","0HW",1088.72429667519
"Marenzelleria viridis","P_d","B2","3HW",1434.35105752446
"Marenzelleria viridis","P_d","C1","1HW",1287.91445621727
"Marenzelleria viridis","P_d","C2","1HW",1243.34679494986
"Marenzelleria viridis","P_d","D1","0HW",983.671952259165
"Marenzelleria viridis","P_d","D2","0HW",618.489993098689
"Marenzelleria viridis","P_d","E1","3HW",1025.96575325782
"Marenzelleria viridis","P_d","E2","3HW",748.782186497788
"Marenzelleria viridis","P_d","F1","1HW",1074.17159095522
"Marenzelleria viridis","P_d","F2","1HW",1183.31688385499
"Microdeutopus sp.","A_d","A1","0HW",31.4023599157879
"Microdeutopus sp.","A_d","A2","0HW",47.6843226969204
"Microdeutopus sp.","A_d","B2","3HW",40.2507240550546
"Microdeutopus sp.","A_d","C1","1HW",99.4361730641713
"Microdeutopus sp.","A_d","C2","1HW",16.6966410498966
"Microdeutopus sp.","A_d","D1","0HW",44.7155382978211
"Microdeutopus sp.","A_d","D2","0HW",30.457616772469
"Microdeutopus sp.","A_d","E1","3HW",16.8923505387019
"Microdeutopus sp.","A_d","E2","3HW",35.5712039562632
"Microdeutopus sp.","A_d","F1","1HW",16.1889714242941
"Microdeutopus sp.","A_d","F2","1HW",34.4680116071248
"Mya truncata","B_f","A1","0HW",11.2663955669224
"Mya truncata","B_f","A2","0HW",0.347251918158572
"Mya truncata","B_f","B2","3HW",0.655920289855085
"Mya truncata","B_f","C1","1HW",0
"Mya truncata","B_f","C2","1HW",0
"Mya truncata","B_f","D1","0HW",0
"Mya truncata","B_f","D2","0HW",0.463002557544792
"Mya truncata","B_f","E1","3HW",1.42759121909635
"Mya truncata","B_f","E2","3HW",0.0771670929241176
"Mya truncata","B_f","F1","1HW",0.154334185848235
"Mya truncata","B_f","F2","1HW",0.347251918158572
"Mytilus edulis","B_f","A1","0HW",107.438022793446
"Mytilus edulis","B_f","A2","0HW",127.493542188421
"Mytilus edulis","B_f","B2","3HW",103.340121671891
"Mytilus edulis","B_f","C1","1HW",81.0335166078924
"Mytilus edulis","B_f","C2","1HW",84.9107130046045
"Mytilus edulis","B_f","D1","0HW",36.5320482307113
"Mytilus edulis","B_f","D2","0HW",96.3611668332629
"Mytilus edulis","B_f","E1","3HW",110.490090122588
"Mytilus edulis","B_f","E2","3HW",93.5384609340348
"Mytilus edulis","B_f","F1","1HW",84.8336419702711
"Mytilus edulis","B_f","F2","1HW",130.569952515984
"Hediste diversicolor","P_o","A1","0HW",406.772014005602
"Hediste diversicolor","P_o","A2","0HW",1024.88217180205
"Hediste diversicolor","P_o","B2","3HW",1003.02941176471
"Hediste diversicolor","P_o","C1","1HW",546.661695611578
"Hediste diversicolor","P_o","C2","1HW",591.869366946779
"Hediste diversicolor","P_o","D1","0HW",490.875969187675
"Hediste diversicolor","P_o","D2","0HW",549.640912231559
"Hediste diversicolor","P_o","E1","3HW",897.568033613445
"Hediste diversicolor","P_o","E2","3HW",762.111299719888
"Hediste diversicolor","P_o","F1","1HW",966.259111111111
"Hediste diversicolor","P_o","F2","1HW",796.840070961718
"Polydora cornuta","P_d","A1","0HW",70.2622823042259
"Polydora cornuta","P_d","A2","0HW",2.27386026874518
"Polydora cornuta","P_d","B2","3HW",0.227386026874493
"Polydora cornuta","P_d","C1","1HW",0.909544107497971
"Polydora cornuta","P_d","C2","1HW",0
"Polydora cornuta","P_d","D1","0HW",69.5801242236024
"Polydora cornuta","P_d","D2","0HW",2.72863232249417
"Polydora cornuta","P_d","E1","3HW",2.72863232249417
"Polydora cornuta","P_d","E2","3HW",10.9145292899769
"Polydora cornuta","P_d","F1","1HW",0.682158080623731
"Polydora cornuta","P_d","F2","1HW",0.909544107498224
"Pygospio elegans","P_d","A1","0HW",0.454772053748986
"Pygospio elegans","P_d","A2","0HW",2.27386026874518
"Pygospio elegans","P_d","B2","3HW",0.227386026874493
"Pygospio elegans","P_d","C1","1HW",2.27386026874518
"Pygospio elegans","P_d","C2","1HW",0
"Pygospio elegans","P_d","D1","0HW",4.09294848374138
"Pygospio elegans","P_d","D2","0HW",4.77510656436486
"Pygospio elegans","P_d","E1","3HW",0.909544107498224
"Pygospio elegans","P_d","E2","3HW",2.72863232249417
"Pygospio elegans","P_d","F1","1HW",2.04647424187069
"Pygospio elegans","P_d","F2","1HW",0.227386026874493
