"compartments","tank","treat","B","C","P","R","E","alpha","M"
"ZM","A1","0HW",14139.55898,1015.26781981982,548.623781016998,466.644038802824,NA,NA,NA
"ZM","A2","0HW",10257.11983,715.218727830715,366.634205906912,348.584521923803,NA,NA,NA
"ZM","B2","3HW",11128.03782,413.83358223511,313.637557250315,100.196024984795,NA,NA,NA
"ZM","C1","1HW",7490.084738,954.338561401576,206.678270719236,747.66029068234,NA,NA,NA
"ZM","C2","1HW",10258.44193,779.329568692802,405.553036477655,373.776532215147,NA,NA,NA
"ZM","D1","0HW",7276.055433,311.320333492207,25.4406062858446,285.879727206362,NA,NA,NA
"ZM","D2","0HW",13264.06804,346.578302666561,202.059740712793,144.518561953768,NA,NA,NA
"ZM","E1","3HW",4216.574438,1288.77658505745,692.563065919396,596.213519138057,NA,NA,NA
"ZM","E2","3HW",9335.803285,242.514950939425,242.514017359097,0.0009335803285,NA,NA,NA
"ZM","F1","1HW",15793.09315,752.923536102858,752.921956793543,0.001579309315,NA,NA,NA
"ZM","F2","1HW",12047.49894,2086.71693039046,271.875898346781,1814.84103204367,NA,NA,NA
"FV","A1","0HW",25615.32475,1444.16982037245,1005.39304986451,438.776770507937,NA,NA,NA
"FV","A2","0HW",11732.1235,501.142278886356,293.831053552667,207.311225333689,NA,NA,NA
"FV","B2","3HW",22425.83628,998.874403638588,387.676977927928,611.19742571066,NA,NA,NA
"FV","C1","1HW",23028.14496,1096.88870939546,728.14912476511,368.739584630354,NA,NA,NA
"FV","C2","1HW",21153.99941,1020.50182306045,679.174615162997,341.327207897453,NA,NA,NA
"FV","D1","0HW",24706.56229,1147.90491286153,697.965771448919,449.939141412611,NA,NA,NA
"FV","D2","0HW",19970.35521,968.935454165387,616.051442252784,352.884011912603,NA,NA,NA
"FV","E1","3HW",16274.23748,832.681486299466,375.287136321313,457.394349978153,NA,NA,NA
"FV","E2","3HW",19511.76269,1011.75379479779,479.977009383516,531.776785414278,NA,NA,NA
"FV","F1","1HW",22992.82616,1123.21298345722,749.392377350067,373.820606107149,NA,NA,NA
"FV","F2","1HW",24365.98073,1175.45279612073,782.299141860795,393.153654259937,NA,NA,NA
"FA","A1","0HW",6246.92283708353,2165.02094686282,1697.23405241605,467.786894446765,NA,NA,NA
"FA","A2","0HW",87.82966884,34.3303788517067,26.3779292033521,7.95244964835457,NA,NA,NA
"FA","B2","3HW",1e-06,1.41738008113518e-06,8.8815637092026e-07,5.29223710214924e-07,NA,NA,NA
"FA","C1","1HW",1172.94246320175,654.063329774998,480.517813936289,173.545515838709,NA,NA,NA
"FA","C2","1HW",1262.87271,746.076977961022,562.037308009866,184.039669951156,NA,NA,NA
"FA","D1","0HW",4838.160043,1891.11344053861,1453.04707138573,438.066369152878,NA,NA,NA
"FA","D2","0HW",409.361539305414,178.143922601897,134.667585666736,43.4763369351608,NA,NA,NA
"FA","E1","3HW",607.427096017444,732.07281033493,475.933860146822,256.138950188108,NA,NA,NA
"FA","E2","3HW",140.9075633,199.719573502715,125.147950055745,74.5716234469703,NA,NA,NA
"FA","F1","1HW",2801.60005758548,1748.00011329943,1345.95776060658,402.042352692853,NA,NA,NA
"FA","F2","1HW",89.64023409,52.9574472739899,39.8940886586407,13.0633586153492,NA,NA,NA
"A_o","A1","0HW",505.858504029043,60.7033384161637,5.9185444971398,41.2965121229523,13.4882817960716,0.7778,NA
"A_o","A2","0HW",710.331556491729,67.2726766783044,8.31087921095322,44.0138087094319,14.9479887579192,0.7778,NA
"A_o","B2","3HW",300.937655308329,36.2738766438455,5.44697156108076,22.7668496925023,8.06005539026247,0.7778,NA
"A_o","C1","1HW",502.62489469927,107.714870685925,9.09751059405679,74.6831158254556,23.9342442664125,0.7778,NA
"A_o","C2","1HW",496.623002899778,71.7571787443894,8.98887635248597,46.8238572749001,15.9444451170033,0.7778,NA
"A_o","D1","0HW",397.689767217057,44.5454518968071,4.65297027643957,29.994482208897,9.89799941147054,0.7778,NA
"A_o","D2","0HW",327.828438090583,38.3742929425297,3.83559272565982,26.0119323250398,8.5267678918301,0.7778,NA
"A_o","E1","3HW",561.11330156063,103.977802114006,10.1561507582474,70.7177837260261,23.103867629732,0.7778,NA
"A_o","E2","3HW",481.472307386044,54.1500890678856,8.71464876368739,33.403290513314,12.0321497908842,0.7778,NA
"A_o","F1","1HW",546.756710797975,87.8394746917076,9.89629646544336,58.4252469497668,19.5179312764974,0.7778,NA
"A_o","F2","1HW",454.852580056079,62.353222694348,8.23283169901503,40.2655049126488,13.8548860826841,0.7778,NA
"I_o","A1","0HW",78.3340766503466,11.6692931786798,2.56935771413137,7.33553833593208,1.76439712861639,0.8488,NA
"I_o","A2","0HW",101.347005983237,19.6263926672024,3.32418179625017,13.3347002996712,2.967510571281,0.8488,NA
"I_o","B2","3HW",90.1239345656206,27.091930446208,5.92906870913742,17.0665618536039,4.09629988346665,0.8488,NA
"I_o","C1","1HW",14.9525229430879,3.26038245040827,0.983695799920622,1.78371682398592,0.492969826501731,0.8488,NA
"I_o","C2","1HW",64.2860978354723,10.6609934426364,4.22925045323359,4.81980078087623,1.61194220852663,0.8488,NA
"I_o","D1","0HW",12.9766525787965,4.06608260001183,0.425634204584525,3.02565670630552,0.614791689121789,0.8488,NA
"I_o","D2","0HW",76.4045635907521,13.0223999760425,2.50606968577667,8.54734341388821,1.96898687637763,0.8488,NA
"I_o","E1","3HW",41.336632903156,10.4735946872119,2.71945225059776,6.1705349199077,1.58360751670644,0.8488,NA
"I_o","E2","3HW",37.3165943890798,5.72783579225429,2.45498216639408,2.40680485407136,0.866048771788849,0.8488,NA
"I_o","F1","1HW",23.1049398664065,2.59613353399169,1.52002657949501,0.683571564157135,0.392535390339543,0.8488,NA
"I_o","F2","1HW",31.432683246621,4.1260516364862,2.06789172687608,1.4343009021734,0.623859007436714,0.8488,NA
"G_h","A1","0HW",488.329841670559,27.6729803980319,7.52027956172661,17.5043966122137,2.64830422409166,0.9043,NA
"G_h","A2","0HW",748.38960834729,43.2970763527553,11.5251999685483,27.6283461772483,4.14353020695868,0.9043,NA
"G_h","B2","3HW",491.387936566665,31.8454368252092,8.10790095334997,20.6899275676867,3.04760830417252,0.9043,NA
"G_h","C1","1HW",155.141301849055,8.98017007958869,2.55983148050941,5.56093632246265,0.859402276616638,0.9043,NA
"G_h","C2","1HW",259.870534742097,29.9218853796932,4.2878638232446,22.770497125612,2.86352443083664,0.9043,NA
"G_h","D1","0HW",182.219880759779,9.64762491610568,2.80618616370059,5.91816104793377,0.923277704471314,0.9043,NA
"G_h","D2","0HW",406.028264338143,22.9685469564559,6.25283527080741,14.5176217419157,2.19808994373283,0.9043,NA
"G_h","E1","3HW",867.695222585032,38.3837593027233,14.316971172653,20.3934623647996,3.67332576527062,0.9043,NA
"G_h","E2","3HW",980.505235766667,30.2927455165364,16.17833639015,11.2153933804539,2.89901574593254,0.9043,NA
"G_h","F1","1HW",426.118802632813,34.8510412316648,7.03096024344141,24.4848363423531,3.33524464587032,0.9043,NA
"G_h","F2","1HW",331.635760747239,56.1677021119188,5.47199005232944,45.3204629674787,5.37524909211063,0.9043,NA
"A_d","A1","0HW",34.1267763490278,2.44456116601312,0.371981862204404,1.74867494931197,0.323904354496737,0.8675,NA
"A_d","A2","0HW",48.3130341815142,3.46074782934363,0.526612072578504,2.4755866693771,0.458549087388031,0.8675,NA
"A_d","B2","3HW",44.861274942076,4.97903401485621,0.758155546521085,3.56115646136668,0.659722006968449,0.8675,NA
"A_d","C1","1HW",106.351999394703,11.8037265596645,1.79734878977048,8.44238400073849,1.56399376915555,0.8675,NA
"A_d","C2","1HW",19.2114869882719,2.1322320267108,0.324674130101795,1.52503715306983,0.282520743539181,0.8675,NA
"A_d","D1","0HW",54.3557810615931,3.89360044360788,0.592478013571365,2.78522037125847,0.515902058778044,0.8675,NA
"A_d","D2","0HW",33.1820332057089,2.37688754878087,0.361684161942227,1.70026578662518,0.314937600213465,0.8675,NA
"A_d","E1","3HW",61.5308659448646,6.82914774264909,1.03987163446821,4.88441403227987,0.904862075901003,0.8675,NA
"A_d","E2","3HW",37.8764793997739,4.20381006866114,0.640112501856179,3.00669273270736,0.557004834097601,0.8675,NA
"A_d","F1","1HW",17.0272534037525,1.88980972980203,0.287760582523416,1.35164935807985,0.250399789198769,0.8675,NA
"A_d","F2","1HW",38.4498510095525,4.26744706408596,0.649802482061437,3.05220784603313,0.565436735991389,0.8675,NA
"G_d","A1","0HW",116.827896991832,53.4604621573109,5.34967065384345,8.24197226750677,39.8688192359607,0.254237288135593,NA
"G_d","A2","0HW",66.8578423602245,30.5941581030781,3.06148999051819,4.71668579839998,22.81598231416,0.254237288135593,NA
"G_d","B2","3HW",64.8447254533335,39.0286794640581,3.90551395857287,6.01703166788259,29.1061338376027,0.254237288135593,NA
"G_d","C1","1HW",122.62480068643,73.8052942143908,7.38553317019938,11.3785246809169,55.0412363632745,0.254237288135593,NA
"G_d","C2","1HW",61.075353341276,36.7599734912319,3.67848955071582,5.66726642163128,27.4142175188848,0.254237288135593,NA
"G_d","D1","0HW",60.7553698422454,27.8016658172993,2.78205144042941,4.28616868261279,20.7334456942571,0.254237288135593,NA
"G_d","D2","0HW",116.777197073595,53.4372618675679,5.34734905196816,8.23839549063386,39.8515173249659,0.254237288135593,NA
"G_d","E1","3HW",125.011126111147,75.2415734097628,7.52925846459728,11.599955114156,56.1123598310095,0.254237288135593,NA
"G_d","E2","3HW",37.1374569933829,22.352256023477,2.23674100953573,3.44603594558554,16.6694790683557,0.254237288135593,NA
"G_d","F1","1HW",76.6192609630602,46.1155252951506,4.61467900580626,7.10960708618119,34.3912392031632,0.254237288135593,NA
"G_d","F2","1HW",136.516980905378,82.1667059565452,8.22224121978717,12.6675992776396,61.2768654591185,0.254237288135593,NA
"I_d","A1","0HW",1.93661808174807,0.288494677379347,0.0635210730813367,0.181353209078253,0.0436203952197573,0.8488,NA
"I_d","A2","0HW",0.780752721731312,0.151196962791582,0.025608689272787,0.102727292744708,0.0228609807740872,0.8488,NA
"I_d","B2","3HW",10.1170324977938,3.04125582258823,0.665578806574625,1.91583913563827,0.45983788037534,0.8488,NA
"I_d","C1","1HW",1.25350098865846,0.273324618229776,0.0824652576981789,0.149532678255255,0.0413266822763421,0.8488,NA
"I_d","C2","1HW",6.38805718928818,1.05937423640931,0.420257173366209,0.478939678498017,0.160177384545088,0.8488,NA
"I_d","D1","0HW",5.64695476722634,1.7694073554524,0.185220116365024,1.31665284694297,0.267534392144403,0.8488,NA
"I_d","D2","0HW",8.23931102101428,1.40430883444834,0.270249401489268,0.921727937190482,0.212331495768589,0.8488,NA
"I_d","E1","3HW",6.10628159747694,1.54716806876332,0.401719735420795,0.911516521345514,0.233931811997014,0.8488,NA
"I_d","E2","3HW",2.13955328492901,0.328406439158818,0.140756819976254,0.137994565581751,0.0496550536008133,0.8488,NA
"I_d","F1","1HW",4.23444443817428,0.47579362973164,0.278575409961488,0.125278222954729,0.071939996815424,0.8488,NA
"I_d","F2","1HW",8.34628980192967,1.09558647684149,0.549085278406067,0.38084852313699,0.165652675298433,0.8488,NA
"B_f","A1","0HW",121.216067566718,18.4360166519536,2.50811410466482,11.2411984524744,4.68670409481432,0.783559493502746,NA
"B_f","A2","0HW",138.161389027214,23.1778244830412,3.0566552232536,12.2141961024706,7.90697315731697,0.762834640930663,NA
"B_f","B2","3HW",104.471295295079,22.5183307965654,2.831892229553,15.1711838686836,4.51525469832877,0.806240706484641,NA
"B_f","C1","1HW",92.4235166078924,25.1123375786957,3.36610162138331,12.0383051836428,9.70793077366959,0.7327884627145,NA
"B_f","C2","1HW",92.5944431633347,23.3729969291359,3.0722818442911,12.5296086534996,7.77110643134518,0.758009003139163,NA
"B_f","D1","0HW",50.231952992616,12.4240024150027,1.76935009324032,3.65750219664189,6.99715012512046,0.639125031066378,NA
"B_f","D2","0HW",99.8381484384268,14.9735617408671,1.91854753267142,9.17626914158599,3.87874506660964,0.790414421077115,NA
"B_f","E1","3HW",112.788979119462,24.5630199090711,3.11377503166557,16.3376240591104,5.11162081829512,0.803327266663953,NA
"B_f","E2","3HW",96.1107080269589,21.643486069348,2.7507423910992,13.6954560707461,5.19728760750269,0.793618754127648,NA
"B_f","F1","1HW",89.4626190132622,21.186686886836,2.73687828052992,12.4777199892315,5.97208861707466,0.778413176045948,NA
"B_f","F2","1HW",133.041529830968,29.3499036044636,3.70991807536297,19.1264904843849,6.51349504471577,0.7996180275208,NA
"P_d","A1","0HW",758.105013599643,49.9091038774712,9.20468840814856,27.739201333555,12.9652141357676,0.740223463687151,NA
"P_d","A2","0HW",1093.27201721268,72.5902635883837,13.7299929445168,40.0030233988399,18.8572472450271,0.740223463687151,NA
"P_d","B2","3HW",1434.80582957821,142.874374809878,31.5130238681052,74.245940725799,37.1154102159739,0.740223463687151,NA
"P_d","C1","1HW",1291.09786059351,128.523943840396,28.3268586161935,66.8095802600772,33.3875049641252,0.740223463687151,NA
"P_d","C2","1HW",1243.34679494986,123.815095222478,27.3122009420724,64.3386377002646,32.1642565801409,0.740223463687151,NA
"P_d","D1","0HW",1057.34502496651,69.7670050866581,12.95472598565,38.6884481706751,18.123830930333,0.740223463687151,NA
"P_d","D2","0HW",625.993731985548,41.5333012747328,7.83869879162893,22.9052253363158,10.7893771467882,0.740223463687151,NA
"P_d","E1","3HW",1029.60392968781,102.47721214704,22.5778087776674,53.2782281468174,26.6211752225551,0.740223463687151,NA
"P_d","E2","3HW",762.425348110259,75.7254814334949,16.60106195107,39.4527162050086,19.6717032774163,0.740223463687151,NA
"P_d","F1","1HW",1076.90022327771,107.200306256974,23.6265440855141,55.7256379203462,27.8481242511133,0.740223463687151,NA
"P_d","F2","1HW",1184.45381398936,117.933871165021,26.0062767233105,61.2911418764956,30.636452565215,0.740223463687151,NA
"P_o","A1","0HW",406.772014005602,9.72892177246469,1.54573365322129,6.31523513893018,1.86795298031322,0.808,NA
"P_o","A2","0HW",1024.88217180205,24.5124987269124,3.89455225284781,15.9115467184974,4.70639975556717,0.808,NA
"P_o","B2","3HW",1003.02941176471,27.3515302954419,4.41332941176471,17.6867070669523,5.25149381672484,0.808,NA
"P_o","C1","1HW",546.661695611578,14.9068748667813,2.40531146069094,9.63944343166833,2.86211997442201,0.808,NA
"P_o","C2","1HW",591.869366946779,16.1396393077917,2.60422521456583,10.4366033461299,3.098810747096,0.808,NA
"P_o","D1","0HW",490.875969187675,11.7404682224375,1.86532868291316,7.62096964081634,2.254169898708,0.808,NA
"P_o","D2","0HW",549.640912231559,13.1459718317134,2.08863546647992,8.53330977354449,2.52402659168897,0.808,NA
"P_o","E1","3HW",897.568033613445,24.4757122529497,3.94929934789916,15.8270761524842,4.69933675256634,0.808,NA
"P_o","E2","3HW",762.111299719888,20.7819532092415,3.35328971876751,13.4385284742996,3.99013501617436,0.808,NA
"P_o","F1","1HW",966.259111111111,26.3488438532469,4.25154008888889,17.0383257445346,5.0589780198234,0.808,NA
"P_o","F2","1HW",796.840070961718,21.7289693461593,3.50609631223156,14.0509109194652,4.17196211446259,0.808,NA
"POC","A1","0HW",314.7866004,NA,NA,NA,NA,NA,NA
"POC","A2","0HW",325.3189208,NA,NA,NA,NA,NA,NA
"POC","B2","3HW",327.4403946,NA,NA,NA,NA,NA,NA
"POC","C1","1HW",288.7781929,NA,NA,NA,NA,NA,NA
"POC","C2","1HW",258.1503725,NA,NA,NA,NA,NA,NA
"POC","D1","0HW",397.3110941,NA,NA,NA,NA,NA,NA
"POC","D2","0HW",347.1341402,NA,NA,NA,NA,NA,NA
"POC","E1","3HW",412.0423673,NA,NA,NA,NA,NA,NA
"POC","E2","3HW",320.0512592,NA,NA,NA,NA,NA,NA
"POC","F1","1HW",383.823736,NA,NA,NA,NA,NA,NA
"POC","F2","1HW",293.0099183,NA,NA,NA,NA,NA,NA
