"tank","row","column","stable","unstable"
"A1","ZM","A_o",562,438
"A1","ZM","I_o",1000,0
"A1","ZM","G_h",622,378
"A1","FV","A_o",562,438
"A1","FV","I_o",1000,0
"A1","FV","G_h",522,478
"A1","FA","A_o",509,491
"A1","FA","I_o",1000,0
"A1","FA","G_h",517,483
"A1","A_d","P_o",547,453
"A1","A_o","P_o",529,471
"A1","G_d","P_o",530,470
"A1","G_h","P_o",1000,0
"A1","B_f","P_o",597,403
"A1","P_d","P_o",1000,0
"A1","P_o","P_o",546,454
"A1","POC","A_d",600,400
"A1","POC","A_o",521,479
"A1","POC","I_d",1000,0
"A1","POC","I_o",699,301
"A1","POC","G_d",563,437
"A1","POC","G_h",1000,0
"A1","POC","B_f",1000,0
"A1","POC","P_d",1000,0
"A1","POC","P_o",511,489
"A2","ZM","A_o",661,339
"A2","ZM","I_o",837,163
"A2","ZM","G_h",1000,0
"A2","FV","A_o",542,458
"A2","FV","I_o",423,577
"A2","FV","G_h",537,463
"A2","FA","A_o",522,478
"A2","FA","I_o",522,478
"A2","FA","G_h",532,468
"A2","A_d","P_o",534,466
"A2","A_o","P_o",496,504
"A2","G_d","P_o",512,488
"A2","G_h","P_o",1000,0
"A2","B_f","P_o",539,461
"A2","P_d","P_o",757,243
"A2","P_o","P_o",517,483
"A2","POC","A_d",560,440
"A2","POC","A_o",614,386
"A2","POC","I_d",1000,0
"A2","POC","I_o",744,256
"A2","POC","G_d",527,473
"A2","POC","G_h",1000,0
"A2","POC","B_f",539,461
"A2","POC","P_d",1000,0
"A2","POC","P_o",487,513
"B2","ZM","A_o",545,455
"B2","ZM","I_o",497,503
"B2","ZM","G_h",579,421
"B2","FV","A_o",508,492
"B2","FV","I_o",511,489
"B2","FV","G_h",580,420
"B2","FA","A_o",496,504
"B2","FA","I_o",506,494
"B2","FA","G_h",463,537
"B2","A_d","P_o",501,499
"B2","A_o","P_o",563,437
"B2","G_d","P_o",519,481
"B2","G_h","P_o",487,513
"B2","B_f","P_o",512,488
"B2","P_d","P_o",686,314
"B2","P_o","P_o",521,479
"B2","POC","A_d",512,488
"B2","POC","A_o",666,334
"B2","POC","I_d",540,460
"B2","POC","I_o",525,475
"B2","POC","G_d",489,511
"B2","POC","G_h",578,422
"B2","POC","B_f",609,391
"B2","POC","P_d",863,137
"B2","POC","P_o",505,495
"C1","ZM","A_o",530,470
"C1","ZM","I_o",524,476
"C1","ZM","G_h",561,439
"C1","FV","A_o",636,364
"C1","FV","I_o",590,410
"C1","FV","G_h",661,339
"C1","FA","A_o",567,433
"C1","FA","I_o",1000,0
"C1","FA","G_h",594,406
"C1","A_d","P_o",523,477
"C1","A_o","P_o",526,474
"C1","G_d","P_o",507,493
"C1","G_h","P_o",662,338
"C1","B_f","P_o",575,425
"C1","P_d","P_o",509,491
"C1","P_o","P_o",491,509
"C1","POC","A_d",513,487
"C1","POC","A_o",559,441
"C1","POC","I_d",1000,0
"C1","POC","I_o",1000,0
"C1","POC","G_d",508,492
"C1","POC","G_h",1000,0
"C1","POC","B_f",555,445
"C1","POC","P_d",496,504
"C1","POC","P_o",535,465
"C2","ZM","A_o",477,523
"C2","ZM","I_o",644,356
"C2","ZM","G_h",505,495
"C2","FV","A_o",521,479
"C2","FV","I_o",498,502
"C2","FV","G_h",594,406
"C2","FA","A_o",496,504
"C2","FA","I_o",508,492
"C2","FA","G_h",516,484
"C2","A_d","P_o",497,503
"C2","A_o","P_o",480,520
"C2","G_d","P_o",1000,0
"C2","G_h","P_o",515,485
"C2","B_f","P_o",526,474
"C2","P_d","P_o",517,483
"C2","P_o","P_o",520,480
"C2","POC","A_d",534,466
"C2","POC","A_o",527,473
"C2","POC","I_d",636,364
"C2","POC","I_o",557,443
"C2","POC","G_d",1000,0
"C2","POC","G_h",555,445
"C2","POC","B_f",556,444
"C2","POC","P_d",500,500
"C2","POC","P_o",484,516
"D1","ZM","A_o",524,476
"D1","ZM","I_o",516,484
"D1","ZM","G_h",848,152
"D1","FV","A_o",530,470
"D1","FV","I_o",495,505
"D1","FV","G_h",800,200
"D1","FA","A_o",593,407
"D1","FA","I_o",614,386
"D1","FA","G_h",569,431
"D1","A_d","P_o",534,466
"D1","A_o","P_o",505,495
"D1","G_d","P_o",514,486
"D1","G_h","P_o",516,484
"D1","B_f","P_o",535,465
"D1","P_d","P_o",746,254
"D1","P_o","P_o",539,461
"D1","POC","A_d",539,461
"D1","POC","A_o",548,452
"D1","POC","I_d",614,386
"D1","POC","I_o",1000,0
"D1","POC","G_d",524,476
"D1","POC","G_h",646,354
"D1","POC","B_f",514,486
"D1","POC","P_d",496,504
"D1","POC","P_o",524,476
"D2","ZM","A_o",607,393
"D2","ZM","I_o",1000,0
"D2","ZM","G_h",636,364
"D2","FV","A_o",637,363
"D2","FV","I_o",1000,0
"D2","FV","G_h",547,453
"D2","FA","A_o",505,495
"D2","FA","I_o",569,431
"D2","FA","G_h",516,484
"D2","A_d","P_o",523,477
"D2","A_o","P_o",506,494
"D2","G_d","P_o",536,464
"D2","G_h","P_o",1000,0
"D2","B_f","P_o",541,459
"D2","P_d","P_o",514,486
"D2","P_o","P_o",523,477
"D2","POC","A_d",575,425
"D2","POC","A_o",568,432
"D2","POC","I_d",988,12
"D2","POC","I_o",647,353
"D2","POC","G_d",631,369
"D2","POC","G_h",1000,0
"D2","POC","B_f",1000,0
"D2","POC","P_d",1000,0
"D2","POC","P_o",530,470
"E1","ZM","A_o",291,709
"E1","ZM","I_o",101,899
"E1","ZM","G_h",590,410
"E1","FV","A_o",518,482
"E1","FV","I_o",169,831
"E1","FV","G_h",615,385
"E1","FA","A_o",420,580
"E1","FA","I_o",168,832
"E1","FA","G_h",331,669
"E1","A_d","P_o",594,406
"E1","A_o","P_o",355,645
"E1","G_d","P_o",524,476
"E1","G_h","P_o",101,899
"E1","B_f","P_o",1000,0
"E1","P_d","P_o",95,905
"E1","P_o","P_o",558,442
"E1","POC","A_d",647,353
"E1","POC","A_o",1000,0
"E1","POC","I_d",941,59
"E1","POC","I_o",847,153
"E1","POC","G_d",500,500
"E1","POC","G_h",573,427
"E1","POC","B_f",1000,0
"E1","POC","P_d",179,821
"E1","POC","P_o",511,489
"E2","ZM","A_o",952,48
"E2","ZM","I_o",1000,0
"E2","ZM","G_h",764,236
"E2","FV","A_o",757,243
"E2","FV","I_o",1000,0
"E2","FV","G_h",1000,0
"E2","FA","A_o",502,498
"E2","FA","I_o",663,337
"E2","FA","G_h",555,445
"E2","A_d","P_o",570,430
"E2","A_o","P_o",524,476
"E2","G_d","P_o",495,505
"E2","G_h","P_o",1000,0
"E2","B_f","P_o",535,465
"E2","P_d","P_o",460,540
"E2","P_o","P_o",509,491
"E2","POC","A_d",564,436
"E2","POC","A_o",576,424
"E2","POC","I_d",1000,0
"E2","POC","I_o",1000,0
"E2","POC","G_d",508,492
"E2","POC","G_h",916,84
"E2","POC","B_f",541,459
"E2","POC","P_d",528,472
"E2","POC","P_o",532,468
"F1","ZM","A_o",507,493
"F1","ZM","I_o",502,498
"F1","ZM","G_h",541,459
"F1","FV","A_o",477,523
"F1","FV","I_o",567,433
"F1","FV","G_h",505,495
"F1","FA","A_o",512,488
"F1","FA","I_o",690,310
"F1","FA","G_h",521,479
"F1","A_d","P_o",545,455
"F1","A_o","P_o",494,506
"F1","G_d","P_o",484,516
"F1","G_h","P_o",468,532
"F1","B_f","P_o",513,487
"F1","P_d","P_o",482,518
"F1","P_o","P_o",495,505
"F1","POC","A_d",569,431
"F1","POC","A_o",535,465
"F1","POC","I_d",1000,0
"F1","POC","I_o",989,11
"F1","POC","G_d",498,502
"F1","POC","G_h",503,497
"F1","POC","B_f",521,479
"F1","POC","P_d",1000,0
"F1","POC","P_o",491,509
"F2","ZM","A_o",936,64
"F2","ZM","I_o",1000,0
"F2","ZM","G_h",1000,0
"F2","FV","A_o",1000,0
"F2","FV","I_o",1000,0
"F2","FV","G_h",1000,0
"F2","FA","A_o",563,437
"F2","FA","I_o",1000,0
"F2","FA","G_h",754,246
"F2","A_d","P_o",496,504
"F2","A_o","P_o",538,462
"F2","G_d","P_o",525,475
"F2","G_h","P_o",880,120
"F2","B_f","P_o",572,428
"F2","P_d","P_o",498,502
"F2","P_o","P_o",523,477
"F2","POC","A_d",541,459
"F2","POC","A_o",909,91
"F2","POC","I_d",1000,0
"F2","POC","I_o",1000,0
"F2","POC","G_d",480,520
"F2","POC","G_h",740,260
"F2","POC","B_f",1000,0
"F2","POC","P_d",488,512
"F2","POC","P_o",501,499
